key,a,b,value
1001,160cb_unseen,160cr_unseen,0.907
1001,160cb_unseen,400cb_unseen,0.083
1001,160cb_unseen,400cr_unseen,0.082
1001,160cr_unseen,400cb_unseen,0.082
1001,160cr_unseen,400cr_unseen,0.081
1001,400cb_unseen,400cr_unseen,0.410
1002,160cb_unseen,160cr_unseen,1.000
1002,160cb_unseen,400cb_unseen,0.173
1002,160cb_unseen,400cr_unseen,0.173
1002,160cr_unseen,400cb_unseen,0.173
1002,160cr_unseen,400cr_unseen,0.173
1002,400cb_unseen,400cr_unseen,1.000
1003,160cb_unseen,160cr_unseen,1.000
1003,160cb_unseen,400cb_unseen,0.587
1003,160cb_unseen,400cr_unseen,0.587
1003,160cr_unseen,400cb_unseen,0.587
1003,160cr_unseen,400cr_unseen,0.587
1003,400cb_unseen,400cr_unseen,1.000
1004,160cb_unseen,160cr_unseen,1.000
1004,160cb_unseen,400cb_unseen,1.000
1004,160cb_unseen,400cr_unseen,1.000
1004,160cr_unseen,400cb_unseen,1.000
1004,160cr_unseen,400cr_unseen,1.000
1004,400cb_unseen,400cr_unseen,1.000
1005,160cb_unseen,160cr_unseen,1.000
1005,160cb_unseen,400cb_unseen,1.000
1005,160cb_unseen,400cr_unseen,1.000
1005,160cr_unseen,400cb_unseen,1.000
1005,160cr_unseen,400cr_unseen,1.000
1005,400cb_unseen,400cr_unseen,1.000
1006,160cb_unseen,160cr_unseen,1.000
1006,160cb_unseen,400cb_unseen,1.000
1006,160cb_unseen,400cr_unseen,1.000
1006,160cr_unseen,400cb_unseen,1.000
1006,160cr_unseen,400cr_unseen,1.000
1006,400cb_unseen,400cr_unseen,1.000
1007,160cb_unseen,160cr_unseen,1.000
1007,160cb_unseen,400cb_unseen,0.587
1007,160cb_unseen,400cr_unseen,0.587
1007,160cr_unseen,400cb_unseen,0.587
1007,160cr_unseen,400cr_unseen,0.587
1007,400cb_unseen,400cr_unseen,1.000
1008,160cb_unseen,160cr_unseen,0.006
1008,160cb_unseen,400cb_unseen,0.006
1008,160cb_unseen,400cr_unseen,0.006
1008,160cr_unseen,400cb_unseen,0.007
1008,160cr_unseen,400cr_unseen,0.006
1008,400cb_unseen,400cr_unseen,0.006
1009,160cb_unseen,160cr_unseen,1.000
1009,160cb_unseen,400cb_unseen,1.000
1009,160cb_unseen,400cr_unseen,1.000
1009,160cr_unseen,400cb_unseen,1.000
1009,160cr_unseen,400cr_unseen,1.000
1009,400cb_unseen,400cr_unseen,1.000
1010,160cb_unseen,160cr_unseen,1.000
1010,160cb_unseen,400cb_unseen,1.000
1010,160cb_unseen,400cr_unseen,1.000
1010,160cr_unseen,400cb_unseen,1.000
1010,160cr_unseen,400cr_unseen,1.000
1010,400cb_unseen,400cr_unseen,1.000
1012,160cb_unseen,160cr_unseen,1.000
1012,160cb_unseen,400cb_unseen,1.000
1012,160cb_unseen,400cr_unseen,1.000
1012,160cr_unseen,400cb_unseen,1.000
1012,160cr_unseen,400cr_unseen,1.000
1012,400cb_unseen,400cr_unseen,1.000
1013,160cb_unseen,160cr_unseen,1.000
1013,160cb_unseen,400cb_unseen,1.000
1013,160cb_unseen,400cr_unseen,1.000
1013,160cr_unseen,400cb_unseen,1.000
1013,160cr_unseen,400cr_unseen,1.000
1013,400cb_unseen,400cr_unseen,1.000
1014,160cb_unseen,160cr_unseen,1.000
1014,160cb_unseen,400cb_unseen,1.000
1014,160cb_unseen,400cr_unseen,1.000
1014,160cr_unseen,400cb_unseen,1.000
1014,160cr_unseen,400cr_unseen,1.000
1014,400cb_unseen,400cr_unseen,1.000
1015,160cb_unseen,160cr_unseen,1.000
1015,160cb_unseen,400cb_unseen,1.000
1015,160cb_unseen,400cr_unseen,1.000
1015,160cr_unseen,400cb_unseen,1.000
1015,160cr_unseen,400cr_unseen,1.000
1015,400cb_unseen,400cr_unseen,1.000
1016,160cb_unseen,160cr_unseen,1.000
1016,160cb_unseen,400cb_unseen,1.000
1016,160cb_unseen,400cr_unseen,1.000
1016,160cr_unseen,400cb_unseen,1.000
1016,160cr_unseen,400cr_unseen,1.000
1016,400cb_unseen,400cr_unseen,1.000
1017,160cb_unseen,160cr_unseen,1.000
1017,160cb_unseen,400cb_unseen,1.000
1017,160cb_unseen,400cr_unseen,1.000
1017,160cr_unseen,400cb_unseen,1.000
1017,160cr_unseen,400cr_unseen,1.000
1017,400cb_unseen,400cr_unseen,1.000
1018,160cb_unseen,160cr_unseen,0.500
1018,160cb_unseen,400cb_unseen,0.750
1018,160cb_unseen,400cr_unseen,0.500
1018,160cr_unseen,400cb_unseen,0.500
1018,160cr_unseen,400cr_unseen,0.750
1018,400cb_unseen,400cr_unseen,0.500
1019,160cb_unseen,160cr_unseen,1.000
1019,160cb_unseen,400cb_unseen,1.000
1019,160cb_unseen,400cr_unseen,1.000
1019,160cr_unseen,400cb_unseen,1.000
1019,160cr_unseen,400cr_unseen,1.000
1019,400cb_unseen,400cr_unseen,1.000
1020,160cb_unseen,160cr_unseen,1.000
1020,160cb_unseen,400cb_unseen,1.000
1020,160cb_unseen,400cr_unseen,1.000
1020,160cr_unseen,400cb_unseen,1.000
1020,160cr_unseen,400cr_unseen,1.000
1020,400cb_unseen,400cr_unseen,1.000
1021,160cb_unseen,160cr_unseen,1.000
1021,160cb_unseen,400cb_unseen,0.587
1021,160cb_unseen,400cr_unseen,0.587
1021,160cr_unseen,400cb_unseen,0.587
1021,160cr_unseen,400cr_unseen,0.587
1021,400cb_unseen,400cr_unseen,1.000
1022,160cb_unseen,160cr_unseen,1.000
1022,160cb_unseen,400cb_unseen,1.000
1022,160cb_unseen,400cr_unseen,1.000
1022,160cr_unseen,400cb_unseen,1.000
1022,160cr_unseen,400cr_unseen,1.000
1022,400cb_unseen,400cr_unseen,1.000
1023,160cb_unseen,160cr_unseen,1.000
1023,160cb_unseen,400cb_unseen,1.000
1023,160cb_unseen,400cr_unseen,1.000
1023,160cr_unseen,400cb_unseen,1.000
1023,160cr_unseen,400cr_unseen,1.000
1023,400cb_unseen,400cr_unseen,1.000
1024,160cb_unseen,160cr_unseen,1.000
1024,160cb_unseen,400cb_unseen,1.000
1024,160cb_unseen,400cr_unseen,1.000
1024,160cr_unseen,400cb_unseen,1.000
1024,160cr_unseen,400cr_unseen,1.000
1024,400cb_unseen,400cr_unseen,1.000
1025,160cb_unseen,160cr_unseen,1.000
1025,160cb_unseen,400cb_unseen,1.000
1025,160cb_unseen,400cr_unseen,1.000
1025,160cr_unseen,400cb_unseen,1.000
1025,160cr_unseen,400cr_unseen,1.000
1025,400cb_unseen,400cr_unseen,1.000
1026,160cb_unseen,160cr_unseen,1.000
1026,160cb_unseen,400cb_unseen,1.000
1026,160cb_unseen,400cr_unseen,1.000
1026,160cr_unseen,400cb_unseen,1.000
1026,160cr_unseen,400cr_unseen,1.000
1026,400cb_unseen,400cr_unseen,1.000
1028,160cb_unseen,160cr_unseen,1.000
1028,160cb_unseen,400cb_unseen,1.000
1028,160cb_unseen,400cr_unseen,1.000
1028,160cr_unseen,400cb_unseen,1.000
1028,160cr_unseen,400cr_unseen,1.000
1028,400cb_unseen,400cr_unseen,1.000
1029,160cb_unseen,160cr_unseen,1.000
1029,160cb_unseen,400cb_unseen,1.000
1029,160cb_unseen,400cr_unseen,1.000
1029,160cr_unseen,400cb_unseen,1.000
1029,160cr_unseen,400cr_unseen,1.000
1029,400cb_unseen,400cr_unseen,1.000
1030,160cb_unseen,160cr_unseen,1.000
1030,160cb_unseen,400cb_unseen,0.165
1030,160cb_unseen,400cr_unseen,0.165
1030,160cr_unseen,400cb_unseen,0.165
1030,160cr_unseen,400cr_unseen,0.165
1030,400cb_unseen,400cr_unseen,1.000
1031,160cb_unseen,160cr_unseen,1.000
1031,160cb_unseen,400cb_unseen,1.000
1031,160cb_unseen,400cr_unseen,1.000
1031,160cr_unseen,400cb_unseen,1.000
1031,160cr_unseen,400cr_unseen,1.000
1031,400cb_unseen,400cr_unseen,1.000
1033,160cb_unseen,160cr_unseen,1.000
1033,160cb_unseen,400cb_unseen,1.000
1033,160cb_unseen,400cr_unseen,1.000
1033,160cr_unseen,400cb_unseen,1.000
1033,160cr_unseen,400cr_unseen,1.000
1033,400cb_unseen,400cr_unseen,1.000
1034,160cb_unseen,160cr_unseen,1.000
1034,160cb_unseen,400cb_unseen,0.994
1034,160cb_unseen,400cr_unseen,0.994
1034,160cr_unseen,400cb_unseen,0.994
1034,160cr_unseen,400cr_unseen,0.994
1034,400cb_unseen,400cr_unseen,1.000
1035,160cb_unseen,160cr_unseen,1.000
1035,160cb_unseen,400cb_unseen,1.000
1035,160cb_unseen,400cr_unseen,1.000
1035,160cr_unseen,400cb_unseen,1.000
1035,160cr_unseen,400cr_unseen,1.000
1035,400cb_unseen,400cr_unseen,1.000
1036,160cb_unseen,160cr_unseen,0.870
1036,160cb_unseen,400cb_unseen,0.129
1036,160cb_unseen,400cr_unseen,0.130
1036,160cr_unseen,400cb_unseen,0.128
1036,160cr_unseen,400cr_unseen,0.130
1036,400cb_unseen,400cr_unseen,0.133
1037,160cb_unseen,160cr_unseen,1.000
1037,160cb_unseen,400cb_unseen,1.000
1037,160cb_unseen,400cr_unseen,1.000
1037,160cr_unseen,400cb_unseen,1.000
1037,160cr_unseen,400cr_unseen,1.000
1037,400cb_unseen,400cr_unseen,1.000
1038,160cb_unseen,160cr_unseen,1.000
1038,160cb_unseen,400cb_unseen,1.000
1038,160cb_unseen,400cr_unseen,1.000
1038,160cr_unseen,400cb_unseen,1.000
1038,160cr_unseen,400cr_unseen,1.000
1038,400cb_unseen,400cr_unseen,1.000
1040,160cb_unseen,160cr_unseen,1.000
1040,160cb_unseen,400cb_unseen,1.000
1040,160cb_unseen,400cr_unseen,1.000
1040,160cr_unseen,400cb_unseen,1.000
1040,160cr_unseen,400cr_unseen,1.000
1040,400cb_unseen,400cr_unseen,1.000
1041,160cb_unseen,160cr_unseen,1.000
1041,160cb_unseen,400cb_unseen,1.000
1041,160cb_unseen,400cr_unseen,1.000
1041,160cr_unseen,400cb_unseen,1.000
1041,160cr_unseen,400cr_unseen,1.000
1041,400cb_unseen,400cr_unseen,1.000
1042,160cb_unseen,160cr_unseen,1.000
1042,160cb_unseen,400cb_unseen,1.000
1042,160cb_unseen,400cr_unseen,1.000
1042,160cr_unseen,400cb_unseen,1.000
1042,160cr_unseen,400cr_unseen,1.000
1042,400cb_unseen,400cr_unseen,1.000
1043,160cb_unseen,160cr_unseen,1.000
1043,160cb_unseen,400cb_unseen,1.000
1043,160cb_unseen,400cr_unseen,1.000
1043,160cr_unseen,400cb_unseen,1.000
1043,160cr_unseen,400cr_unseen,1.000
1043,400cb_unseen,400cr_unseen,1.000
1044,160cb_unseen,160cr_unseen,1.000
1044,160cb_unseen,400cb_unseen,1.000
1044,160cb_unseen,400cr_unseen,1.000
1044,160cr_unseen,400cb_unseen,1.000
1044,160cr_unseen,400cr_unseen,1.000
1044,400cb_unseen,400cr_unseen,1.000
1045,160cb_unseen,160cr_unseen,1.000
1045,160cb_unseen,400cb_unseen,1.000
1045,160cb_unseen,400cr_unseen,1.000
1045,160cr_unseen,400cb_unseen,1.000
1045,160cr_unseen,400cr_unseen,1.000
1045,400cb_unseen,400cr_unseen,1.000
1046,160cb_unseen,160cr_unseen,1.000
1046,160cb_unseen,400cb_unseen,1.000
1046,160cb_unseen,400cr_unseen,1.000
1046,160cr_unseen,400cb_unseen,1.000
1046,160cr_unseen,400cr_unseen,1.000
1046,400cb_unseen,400cr_unseen,1.000
1047,160cb_unseen,160cr_unseen,1.000
1047,160cb_unseen,400cb_unseen,1.000
1047,160cb_unseen,400cr_unseen,1.000
1047,160cr_unseen,400cb_unseen,1.000
1047,160cr_unseen,400cr_unseen,1.000
1047,400cb_unseen,400cr_unseen,1.000
1048,160cb_unseen,160cr_unseen,1.000
1048,160cb_unseen,400cb_unseen,1.000
1048,160cb_unseen,400cr_unseen,1.000
1048,160cr_unseen,400cb_unseen,1.000
1048,160cr_unseen,400cr_unseen,1.000
1048,400cb_unseen,400cr_unseen,1.000
1049,160cb_unseen,160cr_unseen,1.000
1049,160cb_unseen,400cb_unseen,1.000
1049,160cb_unseen,400cr_unseen,1.000
1049,160cr_unseen,400cb_unseen,1.000
1049,160cr_unseen,400cr_unseen,1.000
1049,400cb_unseen,400cr_unseen,1.000
1050,160cb_unseen,160cr_unseen,1.000
1050,160cb_unseen,400cb_unseen,0.500
1050,160cb_unseen,400cr_unseen,0.500
1050,160cr_unseen,400cb_unseen,0.500
1050,160cr_unseen,400cr_unseen,0.500
1050,400cb_unseen,400cr_unseen,1.000
1051,160cb_unseen,160cr_unseen,1.000
1051,160cb_unseen,400cb_unseen,1.000
1051,160cb_unseen,400cr_unseen,1.000
1051,160cr_unseen,400cb_unseen,1.000
1051,160cr_unseen,400cr_unseen,1.000
1051,400cb_unseen,400cr_unseen,1.000
1052,160cb_unseen,160cr_unseen,1.000
1052,160cb_unseen,400cb_unseen,1.000
1052,160cb_unseen,400cr_unseen,1.000
1052,160cr_unseen,400cb_unseen,1.000
1052,160cr_unseen,400cr_unseen,1.000
1052,400cb_unseen,400cr_unseen,1.000
1053,160cb_unseen,160cr_unseen,1.000
1053,160cb_unseen,400cb_unseen,1.000
1053,160cb_unseen,400cr_unseen,1.000
1053,160cr_unseen,400cb_unseen,1.000
1053,160cr_unseen,400cr_unseen,1.000
1053,400cb_unseen,400cr_unseen,1.000
1054,160cb_unseen,160cr_unseen,1.000
1054,160cb_unseen,400cb_unseen,1.000
1054,160cb_unseen,400cr_unseen,1.000
1054,160cr_unseen,400cb_unseen,1.000
1054,160cr_unseen,400cr_unseen,1.000
1054,400cb_unseen,400cr_unseen,1.000
1055,160cb_unseen,160cr_unseen,1.000
1055,160cb_unseen,400cb_unseen,1.000
1055,160cb_unseen,400cr_unseen,1.000
1055,160cr_unseen,400cb_unseen,1.000
1055,160cr_unseen,400cr_unseen,1.000
1055,400cb_unseen,400cr_unseen,1.000
1056,160cb_unseen,160cr_unseen,1.000
1056,160cb_unseen,400cb_unseen,1.000
1056,160cb_unseen,400cr_unseen,1.000
1056,160cr_unseen,400cb_unseen,1.000
1056,160cr_unseen,400cr_unseen,1.000
1056,400cb_unseen,400cr_unseen,1.000
1057,160cb_unseen,160cr_unseen,1.000
1057,160cb_unseen,400cb_unseen,1.000
1057,160cb_unseen,400cr_unseen,1.000
1057,160cr_unseen,400cb_unseen,1.000
1057,160cr_unseen,400cr_unseen,1.000
1057,400cb_unseen,400cr_unseen,1.000
1058,160cb_unseen,160cr_unseen,1.000
1058,160cb_unseen,400cb_unseen,1.000
1058,160cb_unseen,400cr_unseen,1.000
1058,160cr_unseen,400cb_unseen,1.000
1058,160cr_unseen,400cr_unseen,1.000
1058,400cb_unseen,400cr_unseen,1.000
1059,160cb_unseen,160cr_unseen,1.000
1059,160cb_unseen,400cb_unseen,1.000
1059,160cb_unseen,400cr_unseen,1.000
1059,160cr_unseen,400cb_unseen,1.000
1059,160cr_unseen,400cr_unseen,1.000
1059,400cb_unseen,400cr_unseen,1.000
1061,160cb_unseen,160cr_unseen,1.000
1061,160cb_unseen,400cb_unseen,1.000
1061,160cb_unseen,400cr_unseen,1.000
1061,160cr_unseen,400cb_unseen,1.000
1061,160cr_unseen,400cr_unseen,1.000
1061,400cb_unseen,400cr_unseen,1.000
1062,160cb_unseen,160cr_unseen,1.000
1062,160cb_unseen,400cb_unseen,1.000
1062,160cb_unseen,400cr_unseen,1.000
1062,160cr_unseen,400cb_unseen,1.000
1062,160cr_unseen,400cr_unseen,1.000
1062,400cb_unseen,400cr_unseen,1.000
1063,160cb_unseen,160cr_unseen,1.000
1063,160cb_unseen,400cb_unseen,1.000
1063,160cb_unseen,400cr_unseen,1.000
1063,160cr_unseen,400cb_unseen,1.000
1063,160cr_unseen,400cr_unseen,1.000
1063,400cb_unseen,400cr_unseen,1.000
1064,160cb_unseen,160cr_unseen,1.000
1064,160cb_unseen,400cb_unseen,1.000
1064,160cb_unseen,400cr_unseen,1.000
1064,160cr_unseen,400cb_unseen,1.000
1064,160cr_unseen,400cr_unseen,1.000
1064,400cb_unseen,400cr_unseen,1.000
1065,160cb_unseen,160cr_unseen,1.000
1065,160cb_unseen,400cb_unseen,1.000
1065,160cb_unseen,400cr_unseen,1.000
1065,160cr_unseen,400cb_unseen,1.000
1065,160cr_unseen,400cr_unseen,1.000
1065,400cb_unseen,400cr_unseen,1.000
1066,160cb_unseen,160cr_unseen,1.000
1066,160cb_unseen,400cb_unseen,1.000
1066,160cb_unseen,400cr_unseen,1.000
1066,160cr_unseen,400cb_unseen,1.000
1066,160cr_unseen,400cr_unseen,1.000
1066,400cb_unseen,400cr_unseen,1.000
1067,160cb_unseen,160cr_unseen,1.000
1067,160cb_unseen,400cb_unseen,1.000
1067,160cb_unseen,400cr_unseen,1.000
1067,160cr_unseen,400cb_unseen,1.000
1067,160cr_unseen,400cr_unseen,1.000
1067,400cb_unseen,400cr_unseen,1.000
1068,160cb_unseen,160cr_unseen,1.000
1068,160cb_unseen,400cb_unseen,1.000
1068,160cb_unseen,400cr_unseen,1.000
1068,160cr_unseen,400cb_unseen,1.000
1068,160cr_unseen,400cr_unseen,1.000
1068,400cb_unseen,400cr_unseen,1.000
1071,160cb_unseen,160cr_unseen,1.000
1071,160cb_unseen,400cb_unseen,1.000
1071,160cb_unseen,400cr_unseen,1.000
1071,160cr_unseen,400cb_unseen,1.000
1071,160cr_unseen,400cr_unseen,1.000
1071,400cb_unseen,400cr_unseen,1.000
1072,160cb_unseen,160cr_unseen,1.000
1072,160cb_unseen,400cb_unseen,1.000
1072,160cb_unseen,400cr_unseen,1.000
1072,160cr_unseen,400cb_unseen,1.000
1072,160cr_unseen,400cr_unseen,1.000
1072,400cb_unseen,400cr_unseen,1.000
1073,160cb_unseen,160cr_unseen,1.000
1073,160cb_unseen,400cb_unseen,1.000
1073,160cb_unseen,400cr_unseen,1.000
1073,160cr_unseen,400cb_unseen,1.000
1073,160cr_unseen,400cr_unseen,1.000
1073,400cb_unseen,400cr_unseen,1.000
1074,160cb_unseen,160cr_unseen,1.000
1074,160cb_unseen,400cb_unseen,1.000
1074,160cb_unseen,400cr_unseen,1.000
1074,160cr_unseen,400cb_unseen,1.000
1074,160cr_unseen,400cr_unseen,1.000
1074,400cb_unseen,400cr_unseen,1.000
1076,160cb_unseen,160cr_unseen,1.000
1076,160cb_unseen,400cb_unseen,1.000
1076,160cb_unseen,400cr_unseen,1.000
1076,160cr_unseen,400cb_unseen,1.000
1076,160cr_unseen,400cr_unseen,1.000
1076,400cb_unseen,400cr_unseen,1.000
1077,160cb_unseen,160cr_unseen,1.000
1077,160cb_unseen,400cb_unseen,1.000
1077,160cb_unseen,400cr_unseen,1.000
1077,160cr_unseen,400cb_unseen,1.000
1077,160cr_unseen,400cr_unseen,1.000
1077,400cb_unseen,400cr_unseen,1.000
1078,160cb_unseen,160cr_unseen,1.000
1078,160cb_unseen,400cb_unseen,1.000
1078,160cb_unseen,400cr_unseen,1.000
1078,160cr_unseen,400cb_unseen,1.000
1078,160cr_unseen,400cr_unseen,1.000
1078,400cb_unseen,400cr_unseen,1.000
1079,160cb_unseen,160cr_unseen,1.000
1079,160cb_unseen,400cb_unseen,1.000
1079,160cb_unseen,400cr_unseen,1.000
1079,160cr_unseen,400cb_unseen,1.000
1079,160cr_unseen,400cr_unseen,1.000
1079,400cb_unseen,400cr_unseen,1.000
1080,160cb_unseen,160cr_unseen,1.000
1080,160cb_unseen,400cb_unseen,1.000
1080,160cb_unseen,400cr_unseen,1.000
1080,160cr_unseen,400cb_unseen,1.000
1080,160cr_unseen,400cr_unseen,1.000
1080,400cb_unseen,400cr_unseen,1.000
1081,160cb_unseen,160cr_unseen,1.000
1081,160cb_unseen,400cb_unseen,1.000
1081,160cb_unseen,400cr_unseen,1.000
1081,160cr_unseen,400cb_unseen,1.000
1081,160cr_unseen,400cr_unseen,1.000
1081,400cb_unseen,400cr_unseen,1.000
1082,160cb_unseen,160cr_unseen,1.000
1082,160cb_unseen,400cb_unseen,1.000
1082,160cb_unseen,400cr_unseen,1.000
1082,160cr_unseen,400cb_unseen,1.000
1082,160cr_unseen,400cr_unseen,1.000
1082,400cb_unseen,400cr_unseen,1.000
1083,160cb_unseen,160cr_unseen,1.000
1083,160cb_unseen,400cb_unseen,1.000
1083,160cb_unseen,400cr_unseen,1.000
1083,160cr_unseen,400cb_unseen,1.000
1083,160cr_unseen,400cr_unseen,1.000
1083,400cb_unseen,400cr_unseen,1.000
1084,160cb_unseen,160cr_unseen,1.000
1084,160cb_unseen,400cb_unseen,1.000
1084,160cb_unseen,400cr_unseen,1.000
1084,160cr_unseen,400cb_unseen,1.000
1084,160cr_unseen,400cr_unseen,1.000
1084,400cb_unseen,400cr_unseen,1.000
1085,160cb_unseen,160cr_unseen,1.000
1085,160cb_unseen,400cb_unseen,1.000
1085,160cb_unseen,400cr_unseen,1.000
1085,160cr_unseen,400cb_unseen,1.000
1085,160cr_unseen,400cr_unseen,1.000
1085,400cb_unseen,400cr_unseen,1.000
1086,160cb_unseen,160cr_unseen,1.000
1086,160cb_unseen,400cb_unseen,1.000
1086,160cb_unseen,400cr_unseen,1.000
1086,160cr_unseen,400cb_unseen,1.000
1086,160cr_unseen,400cr_unseen,1.000
1086,400cb_unseen,400cr_unseen,1.000
1087,160cb_unseen,160cr_unseen,1.000
1087,160cb_unseen,400cb_unseen,1.000
1087,160cb_unseen,400cr_unseen,1.000
1087,160cr_unseen,400cb_unseen,1.000
1087,160cr_unseen,400cr_unseen,1.000
1087,400cb_unseen,400cr_unseen,1.000
1088,160cb_unseen,160cr_unseen,1.000
1088,160cb_unseen,400cb_unseen,1.000
1088,160cb_unseen,400cr_unseen,1.000
1088,160cr_unseen,400cb_unseen,1.000
1088,160cr_unseen,400cr_unseen,1.000
1088,400cb_unseen,400cr_unseen,1.000
1089,160cb_unseen,160cr_unseen,1.000
1089,160cb_unseen,400cb_unseen,1.000
1089,160cb_unseen,400cr_unseen,1.000
1089,160cr_unseen,400cb_unseen,1.000
1089,160cr_unseen,400cr_unseen,1.000
1089,400cb_unseen,400cr_unseen,1.000
1090,160cb_unseen,160cr_unseen,1.000
1090,160cb_unseen,400cb_unseen,1.000
1090,160cb_unseen,400cr_unseen,1.000
1090,160cr_unseen,400cb_unseen,1.000
1090,160cr_unseen,400cr_unseen,1.000
1090,400cb_unseen,400cr_unseen,1.000
1091,160cb_unseen,160cr_unseen,1.000
1091,160cb_unseen,400cb_unseen,1.000
1091,160cb_unseen,400cr_unseen,1.000
1091,160cr_unseen,400cb_unseen,1.000
1091,160cr_unseen,400cr_unseen,1.000
1091,400cb_unseen,400cr_unseen,1.000
1093,160cb_unseen,160cr_unseen,1.000
1093,160cb_unseen,400cb_unseen,1.000
1093,160cb_unseen,400cr_unseen,1.000
1093,160cr_unseen,400cb_unseen,1.000
1093,160cr_unseen,400cr_unseen,1.000
1093,400cb_unseen,400cr_unseen,1.000
1095,160cb_unseen,160cr_unseen,1.000
1095,160cb_unseen,400cb_unseen,1.000
1095,160cb_unseen,400cr_unseen,1.000
1095,160cr_unseen,400cb_unseen,1.000
1095,160cr_unseen,400cr_unseen,1.000
1095,400cb_unseen,400cr_unseen,1.000
1099,160cb_unseen,160cr_unseen,1.000
1099,160cb_unseen,400cb_unseen,1.000
1099,160cb_unseen,400cr_unseen,1.000
1099,160cr_unseen,400cb_unseen,1.000
1099,160cr_unseen,400cr_unseen,1.000
1099,400cb_unseen,400cr_unseen,1.000
1100,160cb_unseen,160cr_unseen,1.000
1100,160cb_unseen,400cb_unseen,1.000
1100,160cb_unseen,400cr_unseen,1.000
1100,160cr_unseen,400cb_unseen,1.000
1100,160cr_unseen,400cr_unseen,1.000
1100,400cb_unseen,400cr_unseen,1.000
1101,160cb_unseen,160cr_unseen,1.000
1101,160cb_unseen,400cb_unseen,1.000
1101,160cb_unseen,400cr_unseen,1.000
1101,160cr_unseen,400cb_unseen,1.000
1101,160cr_unseen,400cr_unseen,1.000
1101,400cb_unseen,400cr_unseen,1.000
1102,160cb_unseen,160cr_unseen,1.000
1102,160cb_unseen,400cb_unseen,1.000
1102,160cb_unseen,400cr_unseen,1.000
1102,160cr_unseen,400cb_unseen,1.000
1102,160cr_unseen,400cr_unseen,1.000
1102,400cb_unseen,400cr_unseen,1.000
1103,160cb_unseen,160cr_unseen,1.000
1103,160cb_unseen,400cb_unseen,1.000
1103,160cb_unseen,400cr_unseen,1.000
1103,160cr_unseen,400cb_unseen,1.000
1103,160cr_unseen,400cr_unseen,1.000
1103,400cb_unseen,400cr_unseen,1.000
1104,160cb_unseen,160cr_unseen,1.000
1104,160cb_unseen,400cb_unseen,1.000
1104,160cb_unseen,400cr_unseen,1.000
1104,160cr_unseen,400cb_unseen,1.000
1104,160cr_unseen,400cr_unseen,1.000
1104,400cb_unseen,400cr_unseen,1.000
1105,160cb_unseen,160cr_unseen,1.000
1105,160cb_unseen,400cb_unseen,1.000
1105,160cb_unseen,400cr_unseen,1.000
1105,160cr_unseen,400cb_unseen,1.000
1105,160cr_unseen,400cr_unseen,1.000
1105,400cb_unseen,400cr_unseen,1.000
1106,160cb_unseen,160cr_unseen,1.000
1106,160cb_unseen,400cb_unseen,1.000
1106,160cb_unseen,400cr_unseen,1.000
1106,160cr_unseen,400cb_unseen,1.000
1106,160cr_unseen,400cr_unseen,1.000
1106,400cb_unseen,400cr_unseen,1.000
1107,160cb_unseen,160cr_unseen,1.000
1107,160cb_unseen,400cb_unseen,1.000
1107,160cb_unseen,400cr_unseen,1.000
1107,160cr_unseen,400cb_unseen,1.000
1107,160cr_unseen,400cr_unseen,1.000
1107,400cb_unseen,400cr_unseen,1.000
1108,160cb_unseen,160cr_unseen,1.000
1108,160cb_unseen,400cb_unseen,1.000
1108,160cb_unseen,400cr_unseen,1.000
1108,160cr_unseen,400cb_unseen,1.000
1108,160cr_unseen,400cr_unseen,1.000
1108,400cb_unseen,400cr_unseen,1.000
1109,160cb_unseen,160cr_unseen,1.000
1109,160cb_unseen,400cb_unseen,1.000
1109,160cb_unseen,400cr_unseen,1.000
1109,160cr_unseen,400cb_unseen,1.000
1109,160cr_unseen,400cr_unseen,1.000
1109,400cb_unseen,400cr_unseen,1.000
1110,160cb_unseen,160cr_unseen,1.000
1110,160cb_unseen,400cb_unseen,1.000
1110,160cb_unseen,400cr_unseen,1.000
1110,160cr_unseen,400cb_unseen,1.000
1110,160cr_unseen,400cr_unseen,1.000
1110,400cb_unseen,400cr_unseen,1.000
1111,160cb_unseen,160cr_unseen,1.000
1111,160cb_unseen,400cb_unseen,1.000
1111,160cb_unseen,400cr_unseen,1.000
1111,160cr_unseen,400cb_unseen,1.000
1111,160cr_unseen,400cr_unseen,1.000
1111,400cb_unseen,400cr_unseen,1.000
1112,160cb_unseen,160cr_unseen,1.000
1112,160cb_unseen,400cb_unseen,1.000
1112,160cb_unseen,400cr_unseen,1.000
1112,160cr_unseen,400cb_unseen,1.000
1112,160cr_unseen,400cr_unseen,1.000
1112,400cb_unseen,400cr_unseen,1.000
1113,160cb_unseen,160cr_unseen,1.000
1113,160cb_unseen,400cb_unseen,1.000
1113,160cb_unseen,400cr_unseen,1.000
1113,160cr_unseen,400cb_unseen,1.000
1113,160cr_unseen,400cr_unseen,1.000
1113,400cb_unseen,400cr_unseen,1.000
1114,160cb_unseen,160cr_unseen,1.000
1114,160cb_unseen,400cb_unseen,1.000
1114,160cb_unseen,400cr_unseen,1.000
1114,160cr_unseen,400cb_unseen,1.000
1114,160cr_unseen,400cr_unseen,1.000
1114,400cb_unseen,400cr_unseen,1.000
1115,160cb_unseen,160cr_unseen,1.000
1115,160cb_unseen,400cb_unseen,1.000
1115,160cb_unseen,400cr_unseen,1.000
1115,160cr_unseen,400cb_unseen,1.000
1115,160cr_unseen,400cr_unseen,1.000
1115,400cb_unseen,400cr_unseen,1.000
1116,160cb_unseen,160cr_unseen,1.000
1116,160cb_unseen,400cb_unseen,1.000
1116,160cb_unseen,400cr_unseen,1.000
1116,160cr_unseen,400cb_unseen,1.000
1116,160cr_unseen,400cr_unseen,1.000
1116,400cb_unseen,400cr_unseen,1.000
1117,160cb_unseen,160cr_unseen,1.000
1117,160cb_unseen,400cb_unseen,1.000
1117,160cb_unseen,400cr_unseen,1.000
1117,160cr_unseen,400cb_unseen,1.000
1117,160cr_unseen,400cr_unseen,1.000
1117,400cb_unseen,400cr_unseen,1.000
1118,160cb_unseen,160cr_unseen,1.000
1118,160cb_unseen,400cb_unseen,1.000
1118,160cb_unseen,400cr_unseen,1.000
1118,160cr_unseen,400cb_unseen,1.000
1118,160cr_unseen,400cr_unseen,1.000
1118,400cb_unseen,400cr_unseen,1.000
1119,160cb_unseen,160cr_unseen,1.000
1119,160cb_unseen,400cb_unseen,1.000
1119,160cb_unseen,400cr_unseen,1.000
1119,160cr_unseen,400cb_unseen,1.000
1119,160cr_unseen,400cr_unseen,1.000
1119,400cb_unseen,400cr_unseen,1.000
1120,160cb_unseen,160cr_unseen,1.000
1120,160cb_unseen,400cb_unseen,1.000
1120,160cb_unseen,400cr_unseen,1.000
1120,160cr_unseen,400cb_unseen,1.000
1120,160cr_unseen,400cr_unseen,1.000
1120,400cb_unseen,400cr_unseen,1.000
1121,160cb_unseen,160cr_unseen,1.000
1121,160cb_unseen,400cb_unseen,1.000
1121,160cb_unseen,400cr_unseen,1.000
1121,160cr_unseen,400cb_unseen,1.000
1121,160cr_unseen,400cr_unseen,1.000
1121,400cb_unseen,400cr_unseen,1.000
1122,160cb_unseen,160cr_unseen,1.000
1122,160cb_unseen,400cb_unseen,1.000
1122,160cb_unseen,400cr_unseen,1.000
1122,160cr_unseen,400cb_unseen,1.000
1122,160cr_unseen,400cr_unseen,1.000
1122,400cb_unseen,400cr_unseen,1.000
1123,160cb_unseen,160cr_unseen,1.000
1123,160cb_unseen,400cb_unseen,1.000
1123,160cb_unseen,400cr_unseen,1.000
1123,160cr_unseen,400cb_unseen,1.000
1123,160cr_unseen,400cr_unseen,1.000
1123,400cb_unseen,400cr_unseen,1.000
1124,160cb_unseen,160cr_unseen,1.000
1124,160cb_unseen,400cb_unseen,1.000
1124,160cb_unseen,400cr_unseen,1.000
1124,160cr_unseen,400cb_unseen,1.000
1124,160cr_unseen,400cr_unseen,1.000
1124,400cb_unseen,400cr_unseen,1.000
1125,160cb_unseen,160cr_unseen,1.000
1125,160cb_unseen,400cb_unseen,1.000
1125,160cb_unseen,400cr_unseen,1.000
1125,160cr_unseen,400cb_unseen,1.000
1125,160cr_unseen,400cr_unseen,1.000
1125,400cb_unseen,400cr_unseen,1.000
1126,160cb_unseen,160cr_unseen,0.250
1126,160cb_unseen,400cb_unseen,0.250
1126,160cb_unseen,400cr_unseen,0.250
1126,160cr_unseen,400cb_unseen,0.500
1126,160cr_unseen,400cr_unseen,0.500
1126,400cb_unseen,400cr_unseen,0.500
1127,160cb_unseen,160cr_unseen,1.000
1127,160cb_unseen,400cb_unseen,1.000
1127,160cb_unseen,400cr_unseen,1.000
1127,160cr_unseen,400cb_unseen,1.000
1127,160cr_unseen,400cr_unseen,1.000
1127,400cb_unseen,400cr_unseen,1.000
1129,160cb_unseen,160cr_unseen,1.000
1129,160cb_unseen,400cb_unseen,1.000
1129,160cb_unseen,400cr_unseen,1.000
1129,160cr_unseen,400cb_unseen,1.000
1129,160cr_unseen,400cr_unseen,1.000
1129,400cb_unseen,400cr_unseen,1.000
1130,160cb_unseen,160cr_unseen,1.000
1130,160cb_unseen,400cb_unseen,1.000
1130,160cb_unseen,400cr_unseen,1.000
1130,160cr_unseen,400cb_unseen,1.000
1130,160cr_unseen,400cr_unseen,1.000
1130,400cb_unseen,400cr_unseen,1.000
1131,160cb_unseen,160cr_unseen,1.000
1131,160cb_unseen,400cb_unseen,1.000
1131,160cb_unseen,400cr_unseen,1.000
1131,160cr_unseen,400cb_unseen,1.000
1131,160cr_unseen,400cr_unseen,1.000
1131,400cb_unseen,400cr_unseen,1.000
1132,160cb_unseen,160cr_unseen,1.000
1132,160cb_unseen,400cb_unseen,1.000
1132,160cb_unseen,400cr_unseen,1.000
1132,160cr_unseen,400cb_unseen,1.000
1132,160cr_unseen,400cr_unseen,1.000
1132,400cb_unseen,400cr_unseen,1.000
1133,160cb_unseen,160cr_unseen,1.000
1133,160cb_unseen,400cb_unseen,1.000
1133,160cb_unseen,400cr_unseen,1.000
1133,160cr_unseen,400cb_unseen,1.000
1133,160cr_unseen,400cr_unseen,1.000
1133,400cb_unseen,400cr_unseen,1.000
1134,160cb_unseen,160cr_unseen,1.000
1134,160cb_unseen,400cb_unseen,1.000
1134,160cb_unseen,400cr_unseen,1.000
1134,160cr_unseen,400cb_unseen,1.000
1134,160cr_unseen,400cr_unseen,1.000
1134,400cb_unseen,400cr_unseen,1.000
1135,160cb_unseen,160cr_unseen,1.000
1135,160cb_unseen,400cb_unseen,1.000
1135,160cb_unseen,400cr_unseen,1.000
1135,160cr_unseen,400cb_unseen,1.000
1135,160cr_unseen,400cr_unseen,1.000
1135,400cb_unseen,400cr_unseen,1.000
1136,160cb_unseen,160cr_unseen,1.000
1136,160cb_unseen,400cb_unseen,1.000
1136,160cb_unseen,400cr_unseen,1.000
1136,160cr_unseen,400cb_unseen,1.000
1136,160cr_unseen,400cr_unseen,1.000
1136,400cb_unseen,400cr_unseen,1.000
